team_id,team_name
9676,Allegheny Badgers 12AA
9677,Allegheny Badgers 13AA
9678,Allegheny Badgers 16AA
9679,Allegheny Badgers 18AA
9680,Applecore/Westchester Express 12AA
9681,Applecore/Westchester Express 14L
9682,Arizona Bobcats 18AA - 1
9683,Ashburn Rebels 8AAA
9684,Ashburn Xtreme #1 16AA
9685,Ashburn Xtreme #2 16AA
9686,Ashburn Xtreme 10AA
9687,Ashburn Xtreme 10GRY
9688,Ashburn Xtreme 11AA
9689,Ashburn Xtreme 12AA
9690,Ashburn Xtreme 12GRY
9691,Ashburn Xtreme 13AA
9692,Ashburn Xtreme 14AA
9693,Ashburn Xtreme 14GRY
9694,Ashburn Xtreme 16L
9695,Ashburn Xtreme 18AA
9696,Ashburn Xtreme 18GRY
9697,Ashburn Xtreme 9AA
9698,Arizona Bobcats  16AA Gough
9701,Berserkers 8AAA 
9702,Bridge 2017 8AAA 
9703,Bridge 2018 8AAA 
9704,CT Chiefs 12GRY
9705,CT Chiefs 9AA
9707,CT Hurricanes 8AAA
9708,Darien 10AA 
9709,Darien 11AA 
9710,Darien 12AA 
9711,Darien 13AA 
9712,Darien 14AA 
9713,Darien 9AA 
9714,Delaware Ducks 10GRY
9715,Delaware Ducks 10L
9716,Delaware Ducks 10M
9717,Delaware Ducks 11AA
9718,Delaware Ducks 12AA
9719,Delaware Ducks 12GRY
9720,Delaware Ducks 12M
9721,Delaware Ducks 13AA
9722,Delaware Ducks 14GRY
9723,Frederick Freeze 14L
9724,Frederick Freeze 16AA
9725,Frederick Freeze 16GRY
9726,Frederick Freeze 14GRY
9727,Frederick Freeze 10L
9728,Frederick Freeze 10M
9729,Frederick Freeze 12AA
9730,Frederick Freeze 12GRY
9731,Greenwich Skating Club 13AA
9732,Grundy Senators 10M
9733,Grundy Senators 12L
9734,Grundy Senators 14GRY
9735,Grundy Senators 14M
9736,Grundy Senators 16L
9737,Hartford Jr Wolfpack 10L
9738,Hartford Jr Wolfpack 12AA
9739,Hartford Jr Wolfpack 13AA Bronner
9740,Hartford Jr Wolfpack 13AA George
9741,Hartford Jr Wolfpack 9AA
9742,Haverford Hawks 10AA
9743,Haverford Hawks 10L
9744,Haverford Hawks 10M
9745,Haverford Hawks 12AA
9746,Haverford Hawks 12L
9747,Haverford Hawks 12M
9748,Haverford Hawks 13AA
9749,Haverford Hawks 14AA
9750,Haverford Hawks 14L
9751,Haverford Hawks 15AA
9752,Haverford Hawks 16GRY
9753,Haverford Hawks 16L
9754,Haverford Hawks 18AA
9755,Haverford Hawks 18GRY
9756,Hollydell Hurricanes 10AA
9757,Hollydell Hurricanes 10GRY
9758,Hollydell Hurricanes 10M
9759,Hollydell Hurricanes 11AA
9760,Hollydell Hurricanes 12AA
9761,Hollydell Hurricanes 12GRY
9762,Hollydell Hurricanes 12L
9763,Hollydell Hurricanes 12M
9764,Hollydell Hurricanes 13AA
9765,Hollydell Hurricanes 14AA
9766,Hollydell Hurricanes 14GRY
9767,Hollydell Hurricanes 14L
9768,Hollydell Hurricanes 15AA
9769,Hollydell Hurricanes 16AA
9770,Hollydell Hurricanes 16GRY
9771,Hollydell Hurricanes 9AA
9772,Hollydell Hurricanes McNulty 18AA
9773,Hollydell Hurricanes Sander 18AA
9774,Igloo Jaguars 10AA
9775,Igloo Jaguars 10M
9776,Igloo Jaguars 12AA
9777,Igloo Jaguars 12GRY
9778,Igloo Jaguars 12L
9779,Igloo Jaguars 14M
9780,Igloo Jaguars 15AA
9781,Igloo Jaguars 16AA
9782,Igloo Jaguars 18AA
9783,Igloo Jaguars 9AA
9784,Igloo Jaguars Black 13AA
9785,Igloo Jaguars Black 18GRY
9786,Igloo Jaguars Green 13AA
9787,Igloo Jaguars Green 18GRY
9788,Jersey Colts 10AA
9789,Jersey Colts 10L
9790,Jersey Colts 10M
9791,Jersey Colts 12AA
9792,Jersey Colts 12L
9793,Jersey Colts 12M
9794,Jersey Colts 13AA
9795,Jersey Colts 14AA
9796,Jersey Colts 14GRY
9797,Jersey Colts 14L
9798,Jersey Colts 16AA
9799,Jersey Colts 16L
9800,Jersey Colts 18AA
9801,Jersey Colts 18GRY
9802,Jersey Colts 9AA
9803,Jersey Shore Americans 8AAA
9804,Jersey Shore Wildcats 10L
9805,Jersey Shore Wildcats 10M
9806,Jersey Shore Wildcats 11AA
9807,Jersey Shore Wildcats 12GRY
9808,Jersey Shore Wildcats 12M
9809,Jersey Shore Wildcats 13AA
9810,Jersey Shore Wildcats 14GRY
9811,Jersey Shore Wildcats 14L
9812,Jersey Shore Wildcats 14M
9813,Jersey Shore Wildcats 15AA
9814,Jersey Shore Wildcats 16GRY
9815,Jersey Shore Wildcats 18AA
9816,Jersey Shore Wildcats 18GRY
9817,Jersey Shore Wildcats Red 16L
9818,Jersey Shore Wildcats White 16L
9819,Jr Black Bears 10AA 
9820,Jr Black Bears 10L 
9821,Jr Black Bears 10M 
9822,Jr Black Bears 12GRY 
9823,Jr Black Bears 12L 
9824,Jr Black Bears 12M 
9825,Jr Black Bears 13AA 
9826,Jr Black Bears 14GRY 
9827,Jr Black Bears 14M 
9828,Jr Black Bears 16GRY 
9829,Jr Black Bears 16L 
9830,Jr Black Bears 18AA 
9831,Jr Black Bears Haley 16AA 
9832,Jr Black Bears Pekins 16AA 
9833,Jr Flyers - Cramer 10L 
9834,Jr Flyers - Dunn 12AA 
9835,Jr Flyers Girls 12L 
9836,Jr Flyers 12M 
9837,Hollydell Jr Rebels Major 8AAA
9838,Hollydell Jr Rebels Minor 8AAA
9839,Lancaster Firebirds 10AA
9840,Lancaster Firebirds 10L
9841,Lancaster Firebirds 12GRY
9842,Lancaster Firebirds 14GRY
9843,Lancaster Firebirds 18AA
9844,Lancaster Firebirds 18GRY
9845,Lehigh Valley Phantoms 10AA
9846,Lehigh Valley Phantoms 10L
9847,Lehigh Valley Phantoms 10M
9848,Lehigh Valley Phantoms 11AA
9849,Lehigh Valley Phantoms 12AA
9850,Lehigh Valley Phantoms 12L
9851,Lehigh Valley Phantoms 12M
9852,Lehigh Valley Phantoms 13AA
9853,Lehigh Valley Phantoms 14AA
9854,Lehigh Valley Phantoms 14L
9855,Lehigh Valley Phantoms 14M
9856,Lehigh Valley Phantoms 15AA
9857,Lehigh Valley Phantoms 16AA
9858,Lehigh Valley Phantoms 16L
9859,Lehigh Valley Phantoms 18AA
9860,Lehigh Valley Phantoms 18GRY
9861,Lehigh Valley Steel 8AAA
9862,LI Monarchs 2017 8AAA 
9863,LI Monarchs 2018 8AAA 
9864,Littleton Hawks 12AA
9865,Littleton Hawks 14AA
9866,Littleton Hawks 15AA
9867,Littleton Hawks 16AA
9868,Long Island Spitfires 8AAA
9869,Mercer Arrows 8AAA
9870,Mercer Chiefs 10AA
9871,Mercer Chiefs 10L
9872,Mercer Chiefs 11AA
9873,Mercer Chiefs 12GRY
9874,Mercer Chiefs 12M
9875,Mercer Chiefs 14AA
9876,Mercer Chiefs 14L
9877,Mercer Chiefs 16AA
9878,Mercer Chiefs 18GRY
9879,Mercer Chiefs 9AA
9880,Mercer Chiefs Black 16G
9881,Mercer Chiefs Red 16L
9882,MYHA 10AA 
9883,MYHA 10GRY 
9884,MYHA 10M 
9885,MYHA 12AA 
9886,MYHA 12GRY 
9887,MYHA 12L Blue 
9888,MYHA 12L Gold 
9889,MYHA 12M Blue 
9890,MYHA 12M Gold 
9891,MYHA 13AA 
9892,MYHA 14AA 
9893,MYHA 14GRY 
9894,MYHA 15AA 
9895,MYHA 16AA 
9896,MYHA 9AA 
9897,MYHA Blue 11AA 
9898,MYHA Blue 10L 
9899,MYHA Blue 14L 
9900,MYHA Blue 14M 
9901,MYHA Blue 16GRY 
9902,MYHA Blue 18AA 
9903,MYHA Gold 11AA 
9904,MYHA Gold 10L 
9905,MYHA Gold 14L 
9906,MYHA Gold 14M 
9907,MYHA Gold 16GRY 
9908,MYHA Gold 18AA 
9909,New Canaan WC 10AA 
9910,New Canaan WC 12AA 
9911,New Canaan WC 14AA 
9912,NJ Bandits 10GRY
9913,NJ Bandits 10M Lofberg
9914,NJ Bandits 10M Trotter
458,NJ Bandits 11AA
5015,NJ Bandits 12AA
9915,NJ Bandits 12L DeVries
9916,NJ Bandits 12L Poulsen
580,NJ Bandits 13AA
5451,NJ Bandits 14AA
9917,NJ Bandits 14GRY
9918,NJ Bandits 14L
708,NJ Bandits 15AA
9919,NJ Bandits 16GRY
9920,NJ Bandits Black 18AA
9921,NJ Bandits Red 18AA
9922,NJ Jets 10L
9923,NJ Jets 10M
9924,NJ Jets 11AA
9925,NJ Jets 12AA
9926,NJ Jets 12M
9927,NJ Jets 13AA
9928,NJ Jets 14AA
9929,NJ Jets 14L
9930,NJ Jets 16L
9931,NJ Jets 18GRY
9932,NJ Jets 9AA
9933,NJ Jets Black 15AA
9934,NJ Jets Black 16AA
9935,NJ Jets Jones 18AA
9936,NJ Jets Navy 15AA
9937,NJ Jets Navy 18AA
9938,North Jersey Avalanche  12L
9939,North Jersey Avalanche 10AA
9940,North Jersey Avalanche 10L
9941,North Jersey Avalanche 11AA
9942,North Jersey Avalanche 12AA
9943,North Jersey Avalanche 13AA
9944,North Jersey Avalanche 14AA
9945,North Jersey Avalanche 14GRY
9946,North Jersey Avalanche 14L
9947,North Jersey Avalanche 15AA
9948,North Jersey Avalanche 16AA
9949,North Jersey Avalanche 16GRY Gold
9950,North Jersey Avalanche 18AA
9951,North Jersey Blizzard Blue 8AAA
9952,North Jersey Blizzard White 8AAA
9953,Northern Cyclones 16AA
9954,Northern Cyclones 18AA
9955,NY Arrows 10GRY
9956,NY Arrows 11AA
9957,NY Arrows 12AA
9958,NY Arrows 13AA
9959,NY Arrows 9AA
9960,NY Dynamo 10AA
9961,NY Dynamo 11AA
9962,NY Dynamo 12AA
9963,NY Dynamo 13AA
9964,NY Dynamo 14AA
9965,Outlaws 8AAA 
9966,PAL Blue Knights (Pring) 18AA
9967,PAL Blue Knights 10AA
9968,PAL Blue Knights 10M
9969,PAL Blue Knights 11AA
9970,PAL Blue Knights 12AA
9971,PAL Blue Knights 14AA
9972,PAL Blue Knights 14GRY
9973,PAL Blue Knights 15AA
9974,PAL Blue Knights 16AA
9975,PAL Sound Tigers 10L
9976,PAL Sound Tigers 10M
9977,PAL Sound Tigers 12GRY
9978,PAL Sound Tigers 12L
9979,PAL Sound Tigers 14AA
9980,PAL Sound Tigers 16L
9981,PAL Sound Tigers 9AA
9982,PBK 10GRY 
9983,PBK 10M 
5316,PBK 11AA
5342,PBK 12AA
9984,PBK 12L 
5424,PBK 13AA
5832,PBK 14AA
9985,PBK 14L 
5538,PBK 15AA
9986,PBK 16AA 
9987,PBK 18GRY 
9988,Pennsauken Pilots 8AAA
9989,PHA Icemen 10AA
9990,PHA Icemen 11AA
9991,PHA Icemen 12AA
9992,PHA Icemen 13AA
9993,PHA Icemen 14AA
9994,PHA Icemen 9AA
9995,Philadelphia Blazers 10L
9996,Philadelphia Blazers 10M
9997,Philadelphia Blazers 11AA
9998,Philadelphia Blazers 12AA
9999,Philadelphia Blazers 12L
10000,Philadelphia Blazers 12M
10001,Philadelphia Blazers 13AA
10002,Philadelphia Blazers 14AA
10003,Philadelphia Blazers 14L
10004,Philadelphia Blazers 15AA
10005,Philadelphia Blazers 16AA
10006,Philadelphia Blazers 16GRY
10007,Philadelphia Blazers 18AA
10008,Philadelphia Blazers 18GRY
10009,Philadelphia Blazers 9AA
10010,Philadelphia Resistance 8AAA
10011,Piney Pirates 8AAA 
10013,Ramapo Saints 10AA
10014,Ramapo Saints 10GRY
10015,Ramapo Saints 10L
10016,Ramapo Saints 10M Flament
10017,Ramapo Saints 10M Jennings
10018,Ramapo Saints 11AA
10019,Ramapo Saints 12AA
10020,Ramapo Saints 12GRY
10021,Ramapo Saints 12L
10022,Ramapo Saints 12M
10023,Ramapo Saints 13AA
10024,Ramapo Saints 14AA
10025,Ramapo Saints 14L
10026,Ramapo Saints 15AA
10027,Ramapo Saints 16AA
10028,Ramapo Saints 16L
10029,Ramapo Saints 18AA
10030,Ramapo Saints 18GRY
10031,Red Bank Generals 10GRY
10032,Red Bank Generals 10M
10033,Red Bank Generals 11AA
10034,Red Bank Generals 12AA
10035,Red Bank Generals 12L
10036,Red Bank Generals 13AA
10037,Red Bank Generals 14AA
10038,Red Bank Generals 14L
10039,Red Bank Generals 15AA
10040,Red Bank Generals 16AA
10041,Red Bank Lumberjacks 8AAA
10042,Rochester Jr Americans 15AA
10043,Rockets HC 10AA 
10044,Rockets HC 10L 
10045,Rockets HC 10M 
10046,Rockets HC 11AA Rudolph 
10047,Rockets HC 11AA Taffo 
10048,Rockets HC 12L 
10049,Rockets HC 12M 
10050,Rockets HC 13AA 
10051,Rockets HC 14AA 
10052,Rockets HC 14L 
10053,Rockets HC 18AA 
10054,Rockets HC 9AA 
10055,Rockets HC Black 15AA 
10056,Rockets HC Black 16AA 
10057,Rockets HC Red 15AA 
10059,Rockets HC Rudolph 12AA 
10060,Rockets HC Taffo 12AA 
10061,RSG 8AAA 
10062,Rye Rangers HC 10AA 
10063,Rye Rangers HC 12AA 
10064,Rye Rangers HC 12GRY 
10065,Rye Rangers HC 14AA 
10066,Rye Rangers HC 14GRY 
10067,Rye Rangers HC 15AA 
10068,Saugerties Mustangs 10GRY
10069,Saugerties Mustangs 12GRY
10070,Saugerties Mustangs 16GRY
10071,Saugerties Mustangs 18AA
10072,Skylands Kings 10M
10073,Skylands Kings 12AA
10074,Skylands Kings 12M
10075,Skylands Kings 13AA
10076,Skylands Kings 14L
10077,Skylands Kings 15AA
10078,Skylands Kings 16L
10079,Skylands Kings 18AA
10080,Skylands Kings 18GRY
10081,So Maryland Sabres 10M
10082,So Maryland Sabres 12GRY
10083,So Maryland Sabres 12M
10084,So Maryland Sabres 14GRY
10085,So Maryland Sabres 14M
10086,So Maryland Sabres 16GRY
10087,St James HC 10AA 
10088,St James HC 10GRY 
10089,St James HC 10M 
10090,St James HC 12AA 
10091,St James HC 12L 
10092,St James HC 12M 
10093,St James HC 14AA 
10094,St James HC 14GRY 
10095,St James HC 14L 
10096,St James HC 16AA 
10097,St James HC 16GRY 
10098,St James HC 16L 
10099,St James HC 18AA 
10101,Syracuse Valley Eagles 12AA
10102,Syracuse Valley Eagles 13AA
10103,Syracuse Valley Eagles 18AA
10104,Team Philadelphia 10AA
10105,Team Philadelphia 10L
10106,Team Philadelphia 10M
10107,Team Philadelphia 11AA
10108,Team Philadelphia 12AA
10109,Team Philadelphia 12GRY
10110,Team Philadelphia 12L White
10111,Team Philadelphia 12L Orange
10112,Team Philadelphia 13AA Orange
10113,Team Philadelphia 13AA Black
10114,Team Philadelphia 14AA
10115,Team Philadelphia 14GRY
10116,Team Philadelphia 14L
10117,Team Philadelphia 15AA
10118,Team Philadelphia 16AA
10119,Team Philadelphia 18AA
10120,Team Philadelphia 18GRY
10121,Team Philadelphia 9AA
10122,Team Philadelphia Black 16GRY
10123,Team Philadelphia Orange 16GRY
10124,TI North Stars 10AA 
10125,TI North Stars 10L 
10126,TI North Stars 10M 
10127,TI North Stars 12M 
10128,TI North Stars 14M 
10129,TI Selects 12GRY 
10130,TI Selects 14AA 
10131,TI Selects 16AA 
10132,TI Selects 18AA 
10133,Tom's River 10GRY 
10134,Tom's River 10M 
10135,Tom's River 12GRY 
10136,Tom's River 12M 
10137,Tom's River 14M 
10138,Tom's River 16GRY 
10139,Tom's River 18AA 
10141,Tri-City Eagles (RED) 14L
10142,Tri-City Eagles (red) 16L
10143,Tri-City Eagles (SKY) 14L
10144,Tri-City Eagles (sky) 16L
10145,Tri-City Eagles 10L
10146,Tri-City Eagles 12GRY
10147,Tri-City Eagles 12L
10148,Tri-City Eagles 12M
10149,Tri-City Eagles 13AA
10150,Tri-City Eagles 14AA
10151,Tri-City Eagles 14GRY
10152,Tri-City Eagles 14M
10153,Tri-City Eagles 15AA
10154,Tri-City Eagles 16AA
10155,Tri-City Eagles 16GRY
10156,Tri-City Eagles 18AA
10157,Tri-City Eagles 18GRY
10158,Valley Forge Colonials 10L
10159,Valley Forge Colonials 10M
10160,Valley Forge Colonials 12GRY
10161,Valley Forge Colonials 12L
10162,Valley Forge Colonials 12M
10163,Valley Forge Colonials 14AA
10164,Valley Forge Colonials 14L
10165,Valley Forge Colonials 14M
10166,Valley Forge Colonials 15AA
10167,Valley Forge Colonials 16AA
10168,Valley Forge Colonials 16GRY
10169,Valley Forge Colonials 16L
10170,VFC 13AA 
10171,VFC Dunleavy 18GRY 
10172,VFC Havrilla 18AA 
10173,VFC Kamel 18GRY 
10174,VFC McCourt 18AA 
10175,WBS Knights 11AA 
10176,WBS Knights 9AA 
10177,West Chester Wolverines 2017 8AAA
10178,West Chester Wolverines 2018 8AAA
10179,Wintersport Royals Girls 10L
10180,Wintersport Royals (Girls) 12M
10181,Wintersport Royals 10L
10182,Wintersport Royals 10M
10183,Wintersport Royals 12AA
10184,Wintersport Royals 12L
10185,Wintersport Royals 12M
10186,Wintersport Royals 14L
10187,Wintersport Royals 15AA
10188,Wissahickon Warriors 10AA
10189,Wissahickon Warriors 10L
10190,Wissahickon Warriors 12GRY
10191,Wissahickon Warriors 12L
10192,Wissahickon Warriors 12M
10193,Wissahickon Warriors 13AA
10194,Wissahickon Warriors 14L
10195,Wissahickon Warriors 16AA
10196,Wissahickon Warriors 16L
10197,Wissahickon Warriors 18GRY
10198,Wolfpack HC 10L 
10199,Wolfpack HC 11AA 
10200,Wolfpack HC 12AA 
10201,Wolfpack HC 12L 
10202,Wolfpack HC 13AA 
10203,Wolfpack HC 14AA 
10204,Wolfpack HC 14GRY 
10205,Wolfpack HC 16GRY 
10206,Wolfpack HC 16L 
10207,Wolfpack HC 18GRY 
10208,Wolfpack HC National 16AA 
10209,Wolfpack HC Navy 16AA 
10210,Wolfpack HC14L 
10211,Woodbridge Wolfpack HC 10AA
10212,Woodbridge Wolfpack HC 9AA
10213,York Devils 10GRY
10214,York Devils 10L
10215,York Devils 10M
10216,York Devils 12M
10217,York Devils 14L
10218,York Devils 15AA
10219,York Devils 16L
10545,AZ Bobcats  16AA Gough
10546,AZ Bobcats West 14AA
10547,AZ Bobcats West 15AA
10549,Delaware Delaware Ducks 6U Teal
10550,Delaware Delaware Ducks 8U Black
10551,Delaware Delaware Ducks 8U Maroon
10552,Delaware Delaware Ducks White
10553,Haverford Haverford Hawks 8U Black
10554,Haverford Haverford Hawks 8U Red
10555,Haverford Haverford Hawks 8U Gold
10556,Haverford Haverford Hawks 8U White
10557,Hollydell Hurricanes 8UAA
10558,Hollydell Hollydell Hurricanes 8U Red
10559,Hollydell Hollydell Hurricanes 8U White
10560,Hollydell Hollydell Hurricanes 8U Black
10561,Igloo Jaguars 6U
10562,Igloo South Jersey Monarchs 8U Girls
10563,Igloo Igloo Jaguars 8U Beginner
10564,Igloo Igloo Jaguars 8U Intermediate
10565,Igloo Igloo Jaguars 8UAA
10566,Jersey Colts 8U Black
10567,Jersey Colts 8U White
10568,Jersey Shore Wildcats 8AA
10569,Jersey Shore Wildcats 6U
10570,Jersey Shore Wildcats 8U Black
10571,Jersey Shore Wildcats 8U Red
10572,Lancaster Firebirds 6U
10573,Lancaster Firebirds 8U #1
10574,Lancaster Firebirds 8U #2
10575,Lehigh Valley Phantoms Black 8AA
10576,Lehigh Valley Phantoms 8U Black
10577,Lehigh Valley Phantoms 8U Orange
10578,Lehigh Valley Phantoms 8U White
10579,Mercer IL Chiefs 8U Black
10580,Mercer IL Chiefs 8U White
10581,Mercer IL Chiefs 8U Red
10582,Mercer Chiefs 6U
10583,Mercer Chiefs 8U Red
10584,Mercer Chiefs 8U Black
994,HEH Vikings
5132,NJ Bandits 8U Grey
5147,NJ Bandits 8U Black
5734,NJ Bandits 8U Red
5726,NJ Bandits 8U White
10585,NJ Jets Black
10586,NJ Jets Grey
10587,NJ Jets White
10588,NJ Jets Navy
10589,NJ Aviators Elite 8AA
10590,PAL Long Island 8U Fishermen Black
10591,Central PA Lancers 8AA
10592,PBK White 
10593,PBK Black 
10594,PBK White 
10595,Pennsauken Flyers 8AA
5671,Philadelphia Blazers 8U White
5713,Philadelphia Blazers 8U Black
10760,Philadelphia Blazers 8U Orange
10596,Philadelphia Blazers Gray 6U
10597,Philly Fire 8AA
10598,Ramapo Saints 6U - McKessy
10599,Ramapo Saints 8U - Byrnes
10600,Ramapo Saints 8U - Perrone
10601,Ramapo Saints 8U - Torre
10602,Ramapo Saints 8U - Dardzinski
10603,Ramapo Saints 8U - Tuttle
10604,Red Bank Generals 8U Black
10605,Red Bank Generals 8U Gold
10606,Red Bank Generals 8U Green
10607,Red Bank Generals 8U White
10608,Rockets Hockey Club Mite Red 8 
10609,Rockets Hockey Club Mite White 
10610,Royals Girls 10L 
10611,RSG Mite Major Elite 
10612,Skylands Skylands Selects
10613,Skylands Skylands Kings Navy
10614,Skylands Skylands Kings White
538,Team Philadelphia Orange
955,Team Philadelphia Blue
956,Team Philadelphia Green
10615,Jr Flyers Pink 
939,Team Philadelphia Silver
923,Team Philadelphia Red
10616,Team Philadelphia Yellow 
5265,TI North Stars Red
5287,TI North Stars White
10618,Toms River 14GRY 
6060,Toms River Blackhawks 8U Black
5676,Toms River Blackhawks 8U Red
10619,Jersey Hawks 8AA 
10620,VF Militia Mite 8AA Cho 
10621,VF Militia Mite 8AA Snare 
10622,VFC Mite Half Snare 
10623,VFC Mite Half Cho 
10624,VFC Mite Half Criswell 
10625,VFC Mite Half 8U 
10626,VFC Mite Half 6U 
10627,WBS Jr Knights Mite Blue 
10628,WBS Jr Knights Mite White 
10629,West Chester Wolverines 8AA
10630,Wintersport Royals 8U White (Macumber)
10631,Wintersport Royals 8U Blue (Fisher)
10632,Wintersport Royals 8U Gold (Molden)
10633,Wintersport Royals 8U Silver (Velazquez)
10634,Wintersport Royals 8U Add-On (Macumber)
10635,Wissahickon Wissahickon Warriors 8U Blue
10638,Woodbridge Woodbridge Wolfpack 6U
10639,Woodbridge Woodbridge Wolfpack White
10640,Woodbridge Woodbridge Wolfpack Green
10641,Woodbridge Woodbridge Wolfpack Grey
10642,Woodbridge Woodbridge Wolfpack Navy
10643,Bridge 8AA 
10644,York York Devils 8U Altland
10645,York York Devils 8U Barbor
10646,York York Devils 8U Stough
10647,York York Devils 8U Bowles
10759,Grundy Grundy Senators 8U Bingham
10761,Grundy Grundy Senators 8u Wallin
10762,Rockets HC 8u Liuzzi Rockets HC 8u Liuzzi
10763,Palmyra Black Knights 8u - Rin Palmyra Black Knights 8u - Rinaldi
10764,Royals Girls 8u Brander Royals Girls 8u Brander
10766,Ashburn Rebels 8AA Ashburn Rebels 8AA
10767,Tomorrow's Ice Atlantic Seven's 8AA
10769,Pennsauken Pilots 8u
10813,Wissahickon Warriors 8U Red Wissahickon Warriors 8U Red
10814,Wissahickon Warriors 8U White Wissahickon Warriors 8U White
10815,Carolina Jr Hurricanes 10AA
10816,Carolina Jr Hurricanes 11AA
10817,Carolina Jr Hurricanes 13AA
10818,Carolina Jr  Hurricanes 14AA
10819,Carolina Jr Hurricanes 15AA
10820,Carolina Jr Hurricanes 16AA
10821,Carolina Jr Hurricanes 14GRY
10822,Jersey Colts 10G
10823,Grand Rapids Griffins 15AA
10824,North Jersey Avalanche 16GRY
10827,CT Clippers 10M
10828,CT Clippers 10M
10831,CT Clippers 10GRY
10832,CT Clippers 12GRY
10833,CT Clippers 10L
10834,CT Clippers 18GRY-1
10835,CT Clippers 18GRY-2
10836,Littleton Hawks 13AA
10837,Nassau Lions 15AA
10838,NJ Renegades 18AA
10839,Littleton Hawks 18AA
10841,FL Wave 1 8AAA
10842,Atlantic Seven's 8AAA
11538,Littleton Hawks 16AA-2
11539,Haverford Hawks 16AA
11959,Naperville Sabres 15AA
11960,Naperville Sabres 16AA
10012, PTL 12U ELITE
11961,Vernon Hills Ice Dogs 15AA
12506,FL Wave 2 8AAA
9706,CT Clippers 14M
12670,Carolina Jr Canes 18AA
12671,Long Beach Lightning 18AA
12672,Arizona Bobcats 18AA - 2
12673,Arizona Bobcats 16AA
13122,Ramapo Saints 8AA
13546,Lafayette Locomotive
13547,Lafayette Locomotive 18AA
13548,Lafayette Locomotive 16AA
13549,Joliet Jaguars 16AA
13550,Joliet Jaguars
13551,Southern Illinois Hawks
13552,Benet Academy
13553,Naperville Sabres
3288,TBD 
13865,Palmyra Black Knights 8AA
13875,PAL Sound Tigers 12AA Silver
13876,Mercer Chiefs 12AA Silver
13877,Hollydell Hurricanes 11AA Silver
