season_year,team_id,team_name
2026,10252,American Hockey Academy 15U
2026,10254,American Hockey Academy 18U
2026,10255,Atlantic Coast Academy 14U
2026,10256,Atlantic Coast Academy 15U
2026,10257,Atlantic Coast Academy 16U National
2026,10259,Atlantic Coast Academy 16U Prep
2026,10258,Atlantic Coast Academy 18U National
2026,10260,Atlantic Coast Academy 18U Prep
2026,10265,CT Chiefs 10U
2026,1027,CT Chiefs 11U
2026,2893,CT Chiefs 13U
2026,15545,CT Chiefs 14U
2026,1279,CT Chiefs 18U
2026,15530,CT Chiefs 9U
2026,15538,CT Jr Rangers 12U
2026,15544,CT Jr Rangers 14U Elite
2026,10266,CT Jr. Rangers 10U
2026,10268,CT Jr. Rangers 11U
2026,10275,CT Jr. Rangers 14U Premier
2026,10272,CT Jr. Rangers 15U National
2026,10273,CT Jr. Rangers 16U Elite
2026,10270,CT Jr. Rangers 16U Premier
2026,10274,CT Jr. Rangers 18U
2026,10267,CT Jr. Rangers 9U
2026,10276,Cyclones Academy 16U
2026,3051,Cyclones Academy 14U
2026,3069,Cyclones Academy 15U
2026,10277,Cyclones Academy 18U National
2026,15566,Cyclones Academy 18U Prep
2026,15531,Delaware Ducks 9U
2026,10278,Elmira Jr Aviators 16U
2026,10279,Elmira Jr Aviators 18U
2026,10280,Flyers Elite 10U
2026,3655,Flyers Elite - BBNA 15U
2026,3683,Flyers Elite - BBNA 16U
2026,10281,Flyers Elite 11U
2026,10282,Flyers Elite 12U
2026,10283,Flyers Elite 13U
2026,10284,Flyers Elite 14U
2026,15702,Flyers Elite 16U Prep
2026,3731,Flyers Elite 18U
2026,10285,Flyers Elite 9U
2026,10826,Hartford Jr. Wolfpack 13U
2026,10287,Hartford Jr. Wolfpack 14U
2026,15539,Hartford Wolfpack 12U
2026,10289,Islanders HC 15U
2026,10291,Islanders HC 18U
2026,15567,Islanders HC 18U Prep
2026,10323,Jersey Hitmen 10U
2026,10324,Jersey Hitmen 11U
2026,10325,Jersey Hitmen 12U
2026,10292,Jersey Hitmen 13U
2026,10293,Jersey Hitmen 14U
2026,3062,Jersey Hitmen 15U
2026,3089,Jersey Hitmen 16U
2026,3115,Jersey Hitmen 18U
2026,10326,Jersey Hitmen 9U
2026,15540,Jersey Mustangs 12U
2026,14536,Jersey Shore Lightning 13U
2026,15554,Jersey Shore Lightning 16U
2026,15537,Jr. Mounties 11U
2026,15704,Masters Academy 15U
2026,10301,Mercer Chiefs 10U
2026,10302,Mercer Chiefs 11U
2026,10303,Mercer Chiefs 12U
2026,11519,Mercer Chiefs 13U
2026,10305,Mercer Chiefs 14U
2026,10306,Mercer Chiefs 15U
2026,10310,Mercer Chiefs 16U Premier
2026,10309,Mercer Chiefs 18U
2026,10307,Mercer Chiefs 9U
2026,15550,Mid Fairfield 14U
2026,10312,Mid-Fairfield 10U
2026,10313,Mid-Fairfield 11U
2026,10314,Mid-Fairfield 12U
2026,15541,Mid-Fairfield 13U
2026,10317,Mid-Fairfield 9U
2026,10319,Mount St. Charles 15U
2026,10321,Mount St. Charles 18U
2026,10318,Mount St. Charles 14U
2026,15533,New York Saints 10U
2026,15689,New York Saints 12U
2026,10344,New York Saints 14U
2026,10345,New York Saints 15U
2026,10346,New York Saints 16U
2026,10347,New York Saints 18U
2026,15532,New York Saints 9U
2026,10328,Notre Dame Hockey Academy 15U
2026,10327,Notre Dame Hockey Academy 16U
2026,10330,NY Arrows 11U
2026,10331,NY Arrows 12U
2026,10332,NY Arrows 13U
2026,10334,NY Arrows 15U
2026,10335,NY Arrows 16U
2026,10336,NY Arrows 18U
2026,10337,NY Arrows 9U
2026,10339,NY Dynamo 10U
2026,10340,NY Dynamo 11U
2026,10341,NY Dynamo 12U
2026,10338,NY Dynamo 13U
2026,15551,NY Dynamo 14U
2026,3652,NY Dynamo 15U
2026,3734,NY Dynamo 18U
2026,10342,NY Dynamo 9U
2026,10348,NYC Hockey Club 10U
2026,10349,NYC Hockey Club 11U
2026,10350,NYC Hockey Club 12U
2026,10351,NYC Hockey Club 13U
2026,10352,NYC Hockey Club 14U
2026,14534,NYC Hockey Club 15U
2026,10353,NYC Hockey Club 9U
2026,10365,PAL Jr. Islanders 10U
2026,15701,PAL Jr Islanders 11U Orange
2026,10355,PAL Jr. Islander's 11U
2026,10356,PAL Jr. Islander's 12U
2026,10357,PAL Jr. Islander's 14U
2026,10358,PAL Jr. Islanders 13U
2026,10359,PAL Jr. Islanders 15U
2026,10360,PAL Jr. Islanders 16U
2026,10361,PAL Jr. Islanders 18U
2026,10362,PAL Jr. Islanders 9U
2026,10366,PBK 10U
2026,10367,PBK 11U
2026,10368,PBK 12U
2026,10369,PBK 13U
2026,3080,PBK 15U
2026,3097,PBK 16U
2026,3130,PBK 18U
2026,10370,PBK 9U
2026,10389,Philadelphia Revolution 15U
2026,15703,Philadelphia Revolution 18U
2026,15534,Philadelphia Revolution Elite 10U
2026,10384,Philadelphia Revolution Elite 11U
2026,10385,Philadelphia Revolution Elite 12U
2026,10386,Philadelphia Revolution Elite 13U
2026,10387,Philadelphia Revolution Elite 14U
2026,10388,Philadelphia Revolution Elite 9U
2026,10374,Pittsburgh Stars 16U
2026,10375,Pittsburgh Stars 18U
2026,10378,Red Bank Generals 12U
2026,10379,Red Bank Generals 13U
2026,10380,Red Bank Generals 14U
2026,10381,Red Bank Generals 15U
2026,10382,Red Bank Generals 16U
2026,10383,Red Bank Generals 9U
2026,10391,Rockets Hockey Club 10U
2026,10394,Rockets Hockey Club 13U Premier
2026,10398,Rockets Hockey Club 15U Elite
2026,10401,Rockets Hockey Club 15U Premier
2026,10399,Rockets Hockey Club 16U Elite
2026,10402,Rockets Hockey Club 16U Premier
2026,10400,Rockets Hockey Club 18U Elite
2026,10397,Rockets Hockey Club Elite 13U Elite
2026,10392,Rockets Hockey Club 11U
2026,10393,Rockets Hockey Club 12U
2026,10395,Rockets Hockey Club 14U Elite
2026,15547,Rockets Hockey Club 14U Premier
2026,10650,Rockets Hockey Club 18U Premier
2026,10396,Rockets Hockey Club 9U
2026,10408,Seacoast 18U PREP
2026,10410,Seacoast 18U SPA
2026,10406,Seacoast Academy 15U
2026,10407,Seacoast Academy 16U
2026,10405,Seacoast Spartans 14U
2026,10411,South Kent15U
2026,10414,South Kent School 18U PREP
2026,10412,South Kent School 16U
2026,10413,South Kent School 18U
2026,15570,South Shore Kings 18U
2026,15535,Springfield Aces 10U
2026,15552,Springfield Aces 12U
2026,15548,Springfield Aces 14U
2026,10415,Springfield Pics 15U
2026,10416,Springfield Pics 16U
2026,15571,Springfield Pics 18U
2026,10417,Team Maryland 15U
2026,15536,Team Maryland 10U
2026,2980,Team Maryland 11U
2026,3001,Team Maryland 12U
2026,3036,Team Maryland 13U
2026,3059,Team Maryland 14U
2026,3112,Team Maryland 16U
2026,3133,Team Maryland 18U
2026,15557,TI Selects 16U
2026,10419,TI Selects 18U
2026,15549,Utica Jr Comets 14U
2026,10421,Utica Jr. Comets 10U
2026,10422,Utica Jr. Comets 11U
2026,10423,Utica Jr. Comets 12U
2026,15558,West Chester Wolves 16U
2026,15572,West Chester Wolves 18U Academy
2026,15573,West Chester Wolves 18U Prep
2026,15529,Wolfpack South 9U
2026,10440,Woodbridge Wolfpack 10U
2026,10441,Woodbridge Wolfpack 11U
2026,10442,Woodbridge Wolfpack 12U
2026,10443,Woodbridge Wolfpack 13U
2026,10444,Woodbridge Wolfpack 14U
2026,15559,Woodbridge Wolfpack 16U Elite
2026,10445,Woodbridge Wolfpack 16U Premier
2026,10446,Woodbridge Wolfpack 18U
2026,10439,Woodbridge Wolfpack 9U
2026,10448,Woodbridge Wolfpack Pure 15U Premier
